{
	"credit": "Made with Blockbench",
	"parent": "item/generated",
	"textures": {
		"layer0": "thebetweenlands:items/shockwave_sword_corrodible"
	},
	"display": {
		"thirdperson_righthand": {
			"rotation": [0, -90, 55],
			"translation": [0, 7, 0],
			"scale": [1.7, 1.7, 0.85]
		},
		"thirdperson_lefthand": {
			"rotation": [0, 90, -55],
			"translation": [0, 7, 0],
			"scale": [1.7, 1.7, 0.85]
		},
		"firstperson_righthand": {
			"rotation": [0, -90, 25],
			"translation": [1.2, 3.4, 1.2],
			"scale": [1.1, 1.1, 0.7]
		},
		"firstperson_lefthand": {
			"rotation": [0, 90, -25],
			"translation": [1.2, 3.4, 1.2],
			"scale": [1.1, 1.1, 0.7]
		},
		"ground": {
			"translation": [0, 3, 0],
			"scale": [1, 1, 0.5]
		},
		"gui": {
			"scale": [1.3, 1.3, 1]
		},
		"fixed": {
			"scale": [1.5, 1.5, 1]
		}
	}
}