{
	"credit": "Made with Blockbench, a free, modern block model editor by JannisX11",
	"textures": {
		"texture": "thebetweenlands:blocks/weedwood_ladder",
		"particle": "thebetweenlands:blocks/weedwood_ladder"
	},
	"elements": [
		{
			"name": "cube",
			"from": [2, 13, 15],
			"to": [14, 14, 16],
			"shade": true,
			"faces": {
				"north": {
					"uv": [2, 2, 14, 3],
					"texture": "#texture"
				},
				"east": {"uv": [2, 1, 3, 3], "texture": "#texture"},
				"south": {
					"uv": [2, 2, 14, 3],
					"texture": "#texture",
					"rotation": 180
				},
				"west": {
					"uv": [13, 2, 14, 3],
					"texture": "#texture"
				},
				"up": {
					"uv": [2, 1, 14, 2],
					"rotation": 180,
					"texture": "#texture"
				},
				"down": {"uv": [2, 2, 14, 3], "texture": "#texture"}
			},
			"__comment": "ladder x16"
		},
		{
			"name": "cube",
			"from": [3, 5, 15],
			"to": [14, 6, 16],
			"shade": true,
			"faces": {
				"north": {
					"uv": [2, 10, 13, 11],
					"texture": "#texture"
				},
				"east": {
					"uv": [2, 10, 3, 11],
					"texture": "#texture"
				},
				"south": {
					"uv": [2, 10, 13, 11],
					"texture": "#texture"
				},
				"west": {
					"uv": [12, 10, 13, 11],
					"texture": "#texture"
				},
				"up": {
					"uv": [2, 10, 13, 11],
					"texture": "#texture",
					"rotation": 180
				},
				"down": {
					"uv": [2, 10, 13, 11],
					"texture": "#texture"
				}
			},
			"__comment": "ladder x16"
		},
		{
			"name": "cube",
			"from": [2, 2, 15],
			"to": [14, 3, 16],
			"shade": true,
			"faces": {
				"north": {
					"uv": [2, 13, 14, 14],
					"texture": "#texture"
				},
				"east": {
					"uv": [2, 13, 3, 14],
					"texture": "#texture"
				},
				"south": {
					"uv": [2, 13, 14, 14],
					"texture": "#texture"
				},
				"west": {
					"uv": [13, 13, 14, 14],
					"texture": "#texture"
				},
				"up": {
					"uv": [2, 13, 14, 14],
					"rotation": 180,
					"texture": "#texture"
				},
				"down": {
					"uv": [2, 13, 14, 14],
					"texture": "#texture",
					"rotation": 180
				}
			},
			"__comment": "ladder x16"
		},
		{
			"name": "cube",
			"from": [2, 15, 15],
			"to": [4, 16, 16],
			"shade": true,
			"faces": {
				"north": {
					"uv": [11, 0, 13, 1],
					"texture": "#texture"
				},
				"east": {"uv": [4, 0, 3, 1], "texture": "#texture"},
				"south": {
					"uv": [11, 0, 13, 1],
					"texture": "#texture",
					"rotation": 180
				},
				"west": {
					"uv": [12, 0, 13, 1],
					"texture": "#texture"
				},
				"up": {
					"uv": [11, 0, 13, 1],
					"rotation": 180,
					"texture": "#texture"
				},
				"down": {"uv": [2, 1, 4, 0], "texture": "#texture"}
			},
			"__comment": "ladder x16"
		},
		{
			"name": "cube",
			"from": [3, 11, 15],
			"to": [4, 13, 16],
			"shade": true,
			"faces": {
				"north": {
					"uv": [12, 3, 13, 5],
					"texture": "#texture"
				},
				"east": {
					"uv": [12, 3, 13, 5],
					"texture": "#texture"
				},
				"south": {
					"uv": [12, 3, 13, 5],
					"texture": "#texture"
				},
				"west": {
					"uv": [12, 3, 13, 5],
					"texture": "#texture"
				},
				"up": {
					"uv": [12, 3, 13, 4],
					"rotation": 180,
					"texture": "#texture"
				},
				"down": {
					"uv": [12, 4, 13, 5],
					"texture": "#texture"
				}
			},
			"__comment": "ladder x16"
		},
		{
			"name": "cube",
			"from": [3, 7, 15],
			"to": [5, 8, 16],
			"shade": true,
			"faces": {
				"north": {
					"uv": [11, 8, 13, 9],
					"texture": "#texture"
				},
				"east": {
					"uv": [11, 8, 12, 9],
					"texture": "#texture"
				},
				"south": {
					"uv": [11, 8, 13, 9],
					"texture": "#texture",
					"rotation": 180
				},
				"west": {
					"uv": [12, 8, 13, 9],
					"texture": "#texture"
				},
				"up": {
					"uv": [11, 8, 13, 9],
					"rotation": 180,
					"texture": "#texture"
				},
				"down": {"uv": [2, 9, 4, 10], "texture": "#texture"}
			},
			"__comment": "ladder x16"
		},
		{
			"name": "cube",
			"from": [3, 3, 15],
			"to": [4, 5, 16],
			"shade": true,
			"faces": {
				"north": {
					"uv": [12, 11, 13, 13],
					"texture": "#texture"
				},
				"east": {
					"uv": [12, 11, 13, 13],
					"texture": "#texture"
				},
				"south": {
					"uv": [12, 11, 13, 13],
					"texture": "#texture"
				},
				"west": {
					"uv": [12, 11, 13, 13],
					"texture": "#texture"
				},
				"up": {
					"uv": [12, 11, 13, 12],
					"rotation": 180,
					"texture": "#texture"
				},
				"down": {
					"uv": [12, 12, 13, 13],
					"texture": "#texture"
				}
			},
			"__comment": "ladder x16"
		},
		{
			"name": "cube",
			"from": [3, 1.11022e-16, 15],
			"to": [5, 1, 16],
			"shade": true,
			"faces": {
				"north": {
					"uv": [11, 15, 13, 16],
					"texture": "#texture"
				},
				"east": {
					"uv": [11, 15, 12, 16],
					"texture": "#texture"
				},
				"south": {
					"uv": [11, 15, 13, 16],
					"texture": "#texture",
					"rotation": 180
				},
				"west": {
					"uv": [12, 15, 13, 16],
					"texture": "#texture"
				},
				"up": {
					"uv": [4, 15, 2, 16],
					"rotation": 180,
					"texture": "#texture"
				},
				"down": {
					"uv": [11, 15, 13, 16],
					"texture": "#texture",
					"rotation": 180
				}
			},
			"__comment": "ladder x16"
		},
		{
			"name": "cube",
			"from": [12, 15, 15],
			"to": [13, 16, 16],
			"shade": true,
			"faces": {
				"north": {
					"uv": [3, 0, 4, 1],
					"rotation": 180,
					"texture": "#texture"
				},
				"east": {"uv": [3, 0, 4, 1], "texture": "#texture"},
				"south": {
					"uv": [3, 0, 4, 1],
					"texture": "#texture"
				},
				"west": {"uv": [3, 0, 4, 1], "texture": "#texture"},
				"up": {
					"uv": [3, 0, 4, 1],
					"rotation": 180,
					"texture": "#texture"
				},
				"down": {"uv": [3, 0, 4, 1], "texture": "#texture"}
			},
			"__comment": "ladder x16"
		},
		{
			"name": "cube",
			"from": [12, 8, 15],
			"to": [14, 9, 16],
			"shade": true,
			"faces": {
				"north": {
					"uv": [2, 7, 4, 8],
					"texture": "#texture"
				},
				"east": {"uv": [2, 7, 3, 8], "texture": "#texture"},
				"south": {
					"uv": [2, 7, 4, 8],
					"texture": "#texture"
				},
				"west": {"uv": [2, 7, 3, 8], "texture": "#texture"},
				"up": {
					"uv": [2, 7, 4, 8],
					"rotation": 180,
					"texture": "#texture"
				},
				"down": {"uv": [2, 7, 4, 8], "texture": "#texture"}
			},
			"__comment": "ladder x16"
		},
		{
			"name": "cube",
			"from": [12, 1.11022e-16, 15],
			"to": [13, 1, 16],
			"shade": true,
			"faces": {
				"north": {
					"uv": [3, 15, 4, 16],
					"rotation": 180,
					"texture": "#texture"
				},
				"east": {
					"uv": [3, 15, 4, 16],
					"texture": "#texture"
				},
				"south": {
					"uv": [3, 15, 4, 16],
					"texture": "#texture"
				},
				"west": {
					"uv": [3, 15, 4, 16],
					"texture": "#texture"
				},
				"up": {
					"uv": [3, 15, 4, 16],
					"rotation": 180,
					"texture": "#texture"
				},
				"down": {
					"uv": [3, 15, 4, 16],
					"texture": "#texture"
				}
			},
			"__comment": "ladder x16"
		},
		{
			"name": "cube",
			"from": [11, 11, 15],
			"to": [13, 12, 16],
			"shade": true,
			"faces": {
				"north": {
					"uv": [3, 4, 5, 5],
					"rotation": 180,
					"texture": "#texture"
				},
				"east": {"uv": [3, 4, 4, 5], "texture": "#texture"},
				"south": {
					"uv": [3, 4, 5, 5],
					"texture": "#texture"
				},
				"west": {"uv": [3, 4, 4, 5], "texture": "#texture"},
				"up": {
					"uv": [3, 4, 5, 5],
					"rotation": 180,
					"texture": "#texture"
				},
				"down": {"uv": [3, 4, 5, 5], "texture": "#texture"}
			},
			"__comment": "ladder x16"
		},
		{
			"name": "cube",
			"from": [12, 12, 15],
			"to": [13, 13, 16],
			"shade": true,
			"faces": {
				"north": {
					"uv": [3, 3, 4, 4],
					"rotation": 180,
					"texture": "#texture"
				},
				"east": {"uv": [3, 3, 4, 4], "texture": "#texture"},
				"south": {
					"uv": [3, 3, 4, 4],
					"texture": "#texture"
				},
				"west": {"uv": [3, 3, 4, 4], "texture": "#texture"},
				"up": {
					"uv": [3, 3, 4, 4],
					"rotation": 180,
					"texture": "#texture"
				},
				"down": {"uv": [3, 3, 4, 4], "texture": "#texture"}
			},
			"__comment": "ladder x16"
		},
		{
			"name": "cube",
			"from": [2, 9, 15],
			"to": [14, 10, 16],
			"shade": true,
			"faces": {
				"north": {
					"uv": [2, 6, 14, 7],
					"texture": "#texture"
				},
				"east": {"uv": [2, 6, 3, 7], "texture": "#texture"},
				"south": {
					"uv": [2, 6, 14, 7],
					"texture": "#texture"
				},
				"west": {"uv": [2, 6, 3, 7], "texture": "#texture"},
				"up": {
					"uv": [2, 6, 14, 7],
					"texture": "#texture",
					"rotation": 180
				},
				"down": {
					"uv": [2, 6, 14, 7],
					"texture": "#texture",
					"rotation": 180
				}
			}
		},
		{
			"name": "cube",
			"from": [1, 10, 15],
			"to": [13, 11, 16],
			"shade": true,
			"faces": {
				"north": {
					"uv": [3, 5, 15, 6],
					"texture": "#texture"
				},
				"east": {"uv": [3, 5, 4, 6], "texture": "#texture"},
				"south": {
					"uv": [3, 5, 15, 6],
					"texture": "#texture",
					"rotation": 180
				},
				"west": {
					"uv": [14, 5, 15, 6],
					"texture": "#texture"
				},
				"up": {
					"uv": [3, 5, 15, 6],
					"texture": "#texture",
					"rotation": 180
				},
				"down": {
					"uv": [3, 5, 15, 6],
					"texture": "#texture",
					"rotation": 180
				}
			}
		},
		{
			"name": "cube",
			"from": [12, 7, 15],
			"to": [13, 8, 16],
			"shade": true,
			"faces": {
				"north": {
					"uv": [3, 8, 4, 9],
					"texture": "#texture"
				},
				"east": {"uv": [3, 8, 4, 9], "texture": "#texture"},
				"south": {
					"uv": [3, 8, 4, 9],
					"texture": "#texture"
				},
				"west": {"uv": [3, 8, 4, 9], "texture": "#texture"},
				"up": {
					"uv": [3, 8, 4, 9],
					"rotation": 180,
					"texture": "#texture"
				},
				"down": {"uv": [3, 8, 4, 9], "texture": "#texture"}
			},
			"__comment": "ladder x16"
		},
		{
			"name": "cube",
			"from": [2, 8, 15],
			"to": [4, 9, 16],
			"shade": true,
			"faces": {
				"north": {
					"uv": [11, 8, 13, 9],
					"texture": "#texture"
				},
				"east": {
					"uv": [11, 8, 12, 9],
					"texture": "#texture"
				},
				"south": {
					"uv": [11, 8, 13, 9],
					"texture": "#texture",
					"rotation": 180
				},
				"west": {
					"uv": [12, 8, 13, 9],
					"texture": "#texture"
				},
				"up": {
					"uv": [11, 8, 13, 9],
					"rotation": 180,
					"texture": "#texture"
				},
				"down": {
					"uv": [12, 7, 14, 8],
					"texture": "#texture",
					"rotation": 180
				}
			},
			"__comment": "ladder x16"
		},
		{
			"name": "cube",
			"from": [2, 14, 15],
			"to": [14, 15, 16],
			"shade": true,
			"faces": {
				"north": {
					"uv": [2, 1, 14, 2],
					"texture": "#texture"
				},
				"east": {"uv": [2, 1, 3, 2], "texture": "#texture"},
				"south": {
					"uv": [2, 1, 14, 2],
					"texture": "#texture",
					"rotation": 180
				},
				"west": {
					"uv": [13, 1, 14, 2],
					"texture": "#texture"
				},
				"up": {
					"uv": [2, 1, 14, 2],
					"rotation": 180,
					"texture": "#texture"
				},
				"down": {"uv": [2, 2, 14, 3], "texture": "#texture"}
			},
			"__comment": "ladder x16"
		},
		{
			"name": "cube",
			"from": [2, 6, 15],
			"to": [15, 7, 16],
			"shade": true,
			"faces": {
				"north": {
					"uv": [1, 9, 14, 10],
					"texture": "#texture"
				},
				"east": {
					"uv": [1, 9, 2, 10],
					"texture": "#texture"
				},
				"south": {
					"uv": [1, 9, 14, 10],
					"texture": "#texture",
					"rotation": 180
				},
				"west": {
					"uv": [13, 9, 14, 10],
					"texture": "#texture"
				},
				"up": {
					"uv": [1, 9, 14, 10],
					"texture": "#texture",
					"rotation": 180
				},
				"down": {
					"uv": [1, 9, 14, 10],
					"texture": "#texture",
					"rotation": 180
				}
			},
			"__comment": "ladder x16"
		},
		{
			"name": "cube",
			"from": [11, 4, 15],
			"to": [13, 5, 16],
			"shade": true,
			"faces": {
				"north": {
					"uv": [3, 11, 5, 12],
					"rotation": 180,
					"texture": "#texture"
				},
				"east": {
					"uv": [4, 11, 5, 12],
					"texture": "#texture"
				},
				"south": {
					"uv": [3, 11, 5, 12],
					"texture": "#texture"
				},
				"west": {
					"uv": [3, 11, 4, 12],
					"texture": "#texture"
				},
				"up": {
					"uv": [3, 11, 5, 12],
					"rotation": 180,
					"texture": "#texture"
				},
				"down": {
					"uv": [3, 11, 5, 12],
					"texture": "#texture"
				}
			},
			"__comment": "ladder x16"
		},
		{
			"name": "cube",
			"from": [12, 3, 15],
			"to": [14, 4, 16],
			"shade": true,
			"faces": {
				"north": {
					"uv": [2, 12, 4, 13],
					"rotation": 180,
					"texture": "#texture"
				},
				"east": {
					"uv": [2, 12, 3, 13],
					"texture": "#texture"
				},
				"south": {
					"uv": [2, 12, 4, 13],
					"texture": "#texture"
				},
				"west": {
					"uv": [3, 12, 4, 13],
					"texture": "#texture"
				},
				"up": {
					"uv": [2, 12, 4, 13],
					"rotation": 180,
					"texture": "#texture"
				},
				"down": {
					"uv": [2, 12, 4, 13],
					"texture": "#texture"
				}
			},
			"__comment": "ladder x16"
		},
		{
			"name": "cube",
			"from": [1, 1, 15],
			"to": [13, 2, 16],
			"shade": true,
			"faces": {
				"north": {
					"uv": [3, 14, 15, 15],
					"texture": "#texture"
				},
				"east": {
					"uv": [3, 14, 4, 15],
					"texture": "#texture"
				},
				"south": {
					"uv": [3, 14, 15, 15],
					"texture": "#texture",
					"rotation": 180
				},
				"west": {
					"uv": [14, 14, 15, 15],
					"texture": "#texture"
				},
				"up": {
					"uv": [3, 14, 15, 15],
					"rotation": 180,
					"texture": "#texture"
				},
				"down": {
					"uv": [3, 14, 15, 15],
					"texture": "#texture"
				}
			},
			"__comment": "ladder x16"
		}
	],
	"display": {
		"thirdperson_righthand": {
			"rotation": [75, 45, 0],
			"translation": [0, 3, 2],
			"scale": [0.37, 0.37, 0.37]
		},
		"thirdperson_lefthand": {
			"rotation": [75, 45, 0],
			"translation": [0, 3, 2],
			"scale": [0.37, 0.37, 0.37]
		},
		"head": {
			"rotation": [0, 0, 0],
			"translation": [0, 0, 0],
			"scale": [1, 1, 1]
		},
		"ground": {
			"rotation": [0, 0, 0],
			"translation": [0, 3, 0],
			"scale": [0.25, 0.25, 0.25]
		},
		"fixed": {
			"rotation": [0, 0, 0],
			"translation": [0, 0, 0],
			"scale": [0.5, 0.5, 0.5]
		},
		"firstperson_righthand": {
			"rotation": [0, 45, 0],
			"translation": [0, 4, 0],
			"scale": [0.4, 0.4, 0.4]
		},
		"firstperson_lefthand": {
			"rotation": [0, 45, 0],
			"translation": [0, 4, 0],
			"scale": [0.4, 0.4, 0.4]
		},
		"gui": {
			"rotation": [30, 225, 0],
			"translation": [0, 0, 0],
			"scale": [0.625, 0.625, 0.625]
		}
	}
}