{
  "forge_marker": 1,
  "defaults": {
    "textures": {
      "texture": "thebetweenlands:blocks/smooth_betweenstone"
    }
  },
  "variants": {
    "facing=up,powered=false": {
      "model": "button",
      "uvlock": true
    },
    "facing=down,powered=false": {
      "model": "button",
      "uvlock": true,
      "x": 180
    },
    "facing=east,powered=false": {
      "model": "button",
      "uvlock": true,
      "x": 90,
      "y": 90
    },
    "facing=west,powered=false": {
      "model": "button",
      "uvlock": true,
      "x": 90,
      "y": 270
    },
    "facing=south,powered=false": {
      "model": "button",
      "uvlock": true,
      "x": 90,
      "y": 180
    },
    "facing=north,powered=false": {
      "model": "button",
      "uvlock": true,
      "x": 90
    },
    "facing=up,powered=true": {
      "model": "button_pressed",
      "uvlock": true
    },
    "facing=down,powered=true": {
      "model": "button_pressed",
      "uvlock": true,
      "x": 180
    },
    "facing=east,powered=true": {
      "model": "button_pressed",
      "uvlock": true,
      "x": 90,
      "y": 90
    },
    "facing=west,powered=true": {
      "model": "button_pressed",
      "uvlock": true,
      "x": 90,
      "y": 270
    },
    "facing=south,powered=true": {
      "model": "button_pressed",
      "uvlock": true,
      "x": 90,
      "y": 180
    },
    "facing=north,powered=true": {
      "model": "button_pressed",
      "uvlock": true,
      "x": 90
    }
  }
}