{
    "variants": {
        "half=bottom": [ { "model": "thebetweenlands:cracked_betweenstone_brick_slab" },
				{ "model": "thebetweenlands:cracked_betweenstone_brick_slab_0" },
				{ "model": "thebetweenlands:cracked_betweenstone_brick_slab_1" } ],
        "half=top": [ { "model": "thebetweenlands:cracked_betweenstone_brick_slab_upper" },
				{ "model": "thebetweenlands:cracked_betweenstone_brick_slab_upper_0" },
				{ "model": "thebetweenlands:cracked_betweenstone_brick_slab_upper_1" } ]
    }
}

