{
    "variants": {
        "facing=east,half=bottom,shape=straight":  [ { "model": "thebetweenlands:cracked_betweenstone_brick_stairs" },
				{ "model": "thebetweenlands:cracked_betweenstone_brick_stairs_0" },
				{ "model": "thebetweenlands:cracked_betweenstone_brick_stairs_1" } ],
        "facing=west,half=bottom,shape=straight":  [ { "model": "thebetweenlands:cracked_betweenstone_brick_stairs", "y": 180, "uvlock": true },
				{ "model": "thebetweenlands:cracked_betweenstone_brick_stairs_0", "y": 180, "uvlock": true },
				{ "model": "thebetweenlands:cracked_betweenstone_brick_stairs_1", "y": 180, "uvlock": true } ],
        "facing=south,half=bottom,shape=straight": [ { "model": "thebetweenlands:cracked_betweenstone_brick_stairs", "y": 90, "uvlock": true },
				{ "model": "thebetweenlands:cracked_betweenstone_brick_stairs_0", "y": 90, "uvlock": true },
				{ "model": "thebetweenlands:cracked_betweenstone_brick_stairs_1", "y": 90, "uvlock": true } ],
        "facing=north,half=bottom,shape=straight": [ { "model": "thebetweenlands:cracked_betweenstone_brick_stairs", "y": 270, "uvlock": true },
				{ "model": "thebetweenlands:cracked_betweenstone_brick_stairs_0", "y": 270, "uvlock": true },
				{ "model": "thebetweenlands:cracked_betweenstone_brick_stairs_1", "y": 270, "uvlock": true } ],
        "facing=east,half=bottom,shape=outer_right":  [ { "model": "thebetweenlands:cracked_betweenstone_brick_stairs_outer" },
				{ "model": "thebetweenlands:cracked_betweenstone_brick_stairs_outer_0" },
				{ "model": "thebetweenlands:cracked_betweenstone_brick_stairs_outer_1" } ],
        "facing=west,half=bottom,shape=outer_right":  [ { "model": "thebetweenlands:cracked_betweenstone_brick_stairs_outer", "y": 180, "uvlock": true },
				{ "model": "thebetweenlands:cracked_betweenstone_brick_stairs_outer_0", "y": 180, "uvlock": true },
				{ "model": "thebetweenlands:cracked_betweenstone_brick_stairs_outer_1", "y": 180, "uvlock": true } ],
        "facing=south,half=bottom,shape=outer_right": [ { "model": "thebetweenlands:cracked_betweenstone_brick_stairs_outer", "y": 90, "uvlock": true },
				{ "model": "thebetweenlands:cracked_betweenstone_brick_stairs_outer_0", "y": 90, "uvlock": true },
				{ "model": "thebetweenlands:cracked_betweenstone_brick_stairs_outer_1", "y": 90, "uvlock": true } ],
        "facing=north,half=bottom,shape=outer_right": [ { "model": "thebetweenlands:cracked_betweenstone_brick_stairs_outer", "y": 270, "uvlock": true },
				{ "model": "thebetweenlands:cracked_betweenstone_brick_stairs_outer_0", "y": 270, "uvlock": true },
				{ "model": "thebetweenlands:cracked_betweenstone_brick_stairs_outer_1", "y": 270, "uvlock": true } ],
        "facing=east,half=bottom,shape=outer_left":  [ { "model": "thebetweenlands:cracked_betweenstone_brick_stairs_outer", "y": 270, "uvlock": true },
				{ "model": "thebetweenlands:cracked_betweenstone_brick_stairs_outer_0", "y": 270, "uvlock": true },
				{ "model": "thebetweenlands:cracked_betweenstone_brick_stairs_outer_1", "y": 270, "uvlock": true } ],
        "facing=west,half=bottom,shape=outer_left":  [ { "model": "thebetweenlands:cracked_betweenstone_brick_stairs_outer", "y": 90, "uvlock": true },
				{ "model": "thebetweenlands:cracked_betweenstone_brick_stairs_outer_0", "y": 90, "uvlock": true },
				{ "model": "thebetweenlands:cracked_betweenstone_brick_stairs_outer_1", "y": 90, "uvlock": true } ],
        "facing=south,half=bottom,shape=outer_left": [ { "model": "thebetweenlands:cracked_betweenstone_brick_stairs_outer" },
				{ "model": "thebetweenlands:cracked_betweenstone_brick_stairs_outer_0" },
				{ "model": "thebetweenlands:cracked_betweenstone_brick_stairs_outer_1" } ],
        "facing=north,half=bottom,shape=outer_left": [ { "model": "thebetweenlands:cracked_betweenstone_brick_stairs_outer", "y": 180, "uvlock": true },
				{ "model": "thebetweenlands:cracked_betweenstone_brick_stairs_outer_0", "y": 180, "uvlock": true },
				{ "model": "thebetweenlands:cracked_betweenstone_brick_stairs_outer_1", "y": 180, "uvlock": true } ],
        "facing=east,half=bottom,shape=inner_right":  [ { "model": "thebetweenlands:cracked_betweenstone_brick_stairs_inner" },
				{ "model": "thebetweenlands:cracked_betweenstone_brick_stairs_inner_0" },
				{ "model": "thebetweenlands:cracked_betweenstone_brick_stairs_inner_1" } ],
        "facing=west,half=bottom,shape=inner_right":  [ { "model": "thebetweenlands:cracked_betweenstone_brick_stairs_inner", "y": 180, "uvlock": true },
				{ "model": "thebetweenlands:cracked_betweenstone_brick_stairs_inner_0", "y": 180, "uvlock": true },
				{ "model": "thebetweenlands:cracked_betweenstone_brick_stairs_inner_1", "y": 180, "uvlock": true } ],
        "facing=south,half=bottom,shape=inner_right": [ { "model": "thebetweenlands:cracked_betweenstone_brick_stairs_inner", "y": 90, "uvlock": true },
				{ "model": "thebetweenlands:cracked_betweenstone_brick_stairs_inner_0", "y": 90, "uvlock": true },
				{ "model": "thebetweenlands:cracked_betweenstone_brick_stairs_inner_1", "y": 90, "uvlock": true } ],
        "facing=north,half=bottom,shape=inner_right": [ { "model": "thebetweenlands:cracked_betweenstone_brick_stairs_inner", "y": 270, "uvlock": true },
				{ "model": "thebetweenlands:cracked_betweenstone_brick_stairs_inner_0", "y": 270, "uvlock": true },
				{ "model": "thebetweenlands:cracked_betweenstone_brick_stairs_inner_1", "y": 270, "uvlock": true } ],
        "facing=east,half=bottom,shape=inner_left":  [ { "model": "thebetweenlands:cracked_betweenstone_brick_stairs_inner", "y": 270, "uvlock": true },
				{ "model": "thebetweenlands:cracked_betweenstone_brick_stairs_inner_0", "y": 270, "uvlock": true },
				{ "model": "thebetweenlands:cracked_betweenstone_brick_stairs_inner_1", "y": 270, "uvlock": true } ],
        "facing=west,half=bottom,shape=inner_left":  [ { "model": "thebetweenlands:cracked_betweenstone_brick_stairs_inner", "y": 90, "uvlock": true },
				{ "model": "thebetweenlands:cracked_betweenstone_brick_stairs_inner_0", "y": 90, "uvlock": true },
				{ "model": "thebetweenlands:cracked_betweenstone_brick_stairs_inner_1", "y": 90, "uvlock": true } ],
        "facing=south,half=bottom,shape=inner_left": [ { "model": "thebetweenlands:cracked_betweenstone_brick_stairs_inner" },
				{ "model": "thebetweenlands:cracked_betweenstone_brick_stairs_inner_0" },
				{ "model": "thebetweenlands:cracked_betweenstone_brick_stairs_inner_1" } ],
        "facing=north,half=bottom,shape=inner_left": [ { "model": "thebetweenlands:cracked_betweenstone_brick_stairs_inner", "y": 180, "uvlock": true },
				{ "model": "thebetweenlands:cracked_betweenstone_brick_stairs_inner_0", "y": 180, "uvlock": true },
				{ "model": "thebetweenlands:cracked_betweenstone_brick_stairs_inner_1", "y": 180, "uvlock": true } ],
        "facing=east,half=top,shape=straight":  [ { "model": "thebetweenlands:cracked_betweenstone_brick_stairs", "x": 180, "uvlock": true },
				{ "model": "thebetweenlands:cracked_betweenstone_brick_stairs_0", "x": 180, "uvlock": true },
				{ "model": "thebetweenlands:cracked_betweenstone_brick_stairs_1", "x": 180, "uvlock": true } ],
        "facing=west,half=top,shape=straight":  [ { "model": "thebetweenlands:cracked_betweenstone_brick_stairs", "x": 180, "y": 180, "uvlock": true },
				{ "model": "thebetweenlands:cracked_betweenstone_brick_stairs_0", "x": 180, "y": 180, "uvlock": true },
				{ "model": "thebetweenlands:cracked_betweenstone_brick_stairs_1", "x": 180, "y": 180, "uvlock": true } ],
        "facing=south,half=top,shape=straight": [ { "model": "thebetweenlands:cracked_betweenstone_brick_stairs", "x": 180, "y": 90, "uvlock": true },
				{ "model": "thebetweenlands:cracked_betweenstone_brick_stairs_0", "x": 180, "y": 90, "uvlock": true },
				{ "model": "thebetweenlands:cracked_betweenstone_brick_stairs_1", "x": 180, "y": 90, "uvlock": true } ],
        "facing=north,half=top,shape=straight": [ { "model": "thebetweenlands:cracked_betweenstone_brick_stairs", "x": 180, "y": 270, "uvlock": true },
				{ "model": "thebetweenlands:cracked_betweenstone_brick_stairs_0", "x": 180, "y": 270, "uvlock": true },
				{ "model": "thebetweenlands:cracked_betweenstone_brick_stairs_1", "x": 180, "y": 270, "uvlock": true } ],
        "facing=east,half=top,shape=outer_right":  [ { "model": "thebetweenlands:cracked_betweenstone_brick_stairs_outer", "x": 180, "y": 90, "uvlock": true },
				{ "model": "thebetweenlands:cracked_betweenstone_brick_stairs_outer_0", "x": 180, "y": 90, "uvlock": true },
				{ "model": "thebetweenlands:cracked_betweenstone_brick_stairs_outer_1", "x": 180, "y": 90, "uvlock": true } ],
        "facing=west,half=top,shape=outer_right":  [ { "model": "thebetweenlands:cracked_betweenstone_brick_stairs_outer", "x": 180, "y": 270, "uvlock": true },
				{ "model": "thebetweenlands:cracked_betweenstone_brick_stairs_outer_0", "x": 180, "y": 270, "uvlock": true },
				{ "model": "thebetweenlands:cracked_betweenstone_brick_stairs_outer_1", "x": 180, "y": 270, "uvlock": true } ],
        "facing=south,half=top,shape=outer_right": [ { "model": "thebetweenlands:cracked_betweenstone_brick_stairs_outer", "x": 180, "y": 180, "uvlock": true },
				{ "model": "thebetweenlands:cracked_betweenstone_brick_stairs_outer_0", "x": 180, "y": 180, "uvlock": true },
				{ "model": "thebetweenlands:cracked_betweenstone_brick_stairs_outer_1", "x": 180, "y": 180, "uvlock": true } ],
        "facing=north,half=top,shape=outer_right": [ { "model": "thebetweenlands:cracked_betweenstone_brick_stairs_outer", "x": 180, "uvlock": true },
				{ "model": "thebetweenlands:cracked_betweenstone_brick_stairs_outer_0", "x": 180, "uvlock": true },
				{ "model": "thebetweenlands:cracked_betweenstone_brick_stairs_outer_1", "x": 180, "uvlock": true } ],
        "facing=east,half=top,shape=outer_left":  [ { "model": "thebetweenlands:cracked_betweenstone_brick_stairs_outer", "x": 180, "uvlock": true },
				{ "model": "thebetweenlands:cracked_betweenstone_brick_stairs_outer_0", "x": 180, "uvlock": true },
				{ "model": "thebetweenlands:cracked_betweenstone_brick_stairs_outer_1", "x": 180, "uvlock": true } ],
        "facing=west,half=top,shape=outer_left":  [ { "model": "thebetweenlands:cracked_betweenstone_brick_stairs_outer", "x": 180, "y": 180, "uvlock": true },
				{ "model": "thebetweenlands:cracked_betweenstone_brick_stairs_outer_0", "x": 180, "y": 180, "uvlock": true },
				{ "model": "thebetweenlands:cracked_betweenstone_brick_stairs_outer_1", "x": 180, "y": 180, "uvlock": true } ],
        "facing=south,half=top,shape=outer_left": [ { "model": "thebetweenlands:cracked_betweenstone_brick_stairs_outer", "x": 180, "y": 90, "uvlock": true },
				{ "model": "thebetweenlands:cracked_betweenstone_brick_stairs_outer_0", "x": 180, "y": 90, "uvlock": true },
				{ "model": "thebetweenlands:cracked_betweenstone_brick_stairs_outer_1", "x": 180, "y": 90, "uvlock": true } ],
        "facing=north,half=top,shape=outer_left": [ { "model": "thebetweenlands:cracked_betweenstone_brick_stairs_outer", "x": 180, "y": 270, "uvlock": true },
				{ "model": "thebetweenlands:cracked_betweenstone_brick_stairs_outer_0", "x": 180, "y": 270, "uvlock": true },
				{ "model": "thebetweenlands:cracked_betweenstone_brick_stairs_outer_1", "x": 180, "y": 270, "uvlock": true } ],
        "facing=east,half=top,shape=inner_right":  [ { "model": "thebetweenlands:cracked_betweenstone_brick_stairs_inner", "x": 180, "y": 90, "uvlock": true },
				{ "model": "thebetweenlands:cracked_betweenstone_brick_stairs_inner_0", "x": 180, "y": 90, "uvlock": true },
				{ "model": "thebetweenlands:cracked_betweenstone_brick_stairs_inner_1", "x": 180, "y": 90, "uvlock": true } ],
        "facing=west,half=top,shape=inner_right":  [ { "model": "thebetweenlands:cracked_betweenstone_brick_stairs_inner", "x": 180, "y": 270, "uvlock": true },
				{ "model": "thebetweenlands:cracked_betweenstone_brick_stairs_inner_0", "x": 180, "y": 270, "uvlock": true },
				{ "model": "thebetweenlands:cracked_betweenstone_brick_stairs_inner_1", "x": 180, "y": 270, "uvlock": true } ],
        "facing=south,half=top,shape=inner_right": [ { "model": "thebetweenlands:cracked_betweenstone_brick_stairs_inner", "x": 180, "y": 180, "uvlock": true },
				{ "model": "thebetweenlands:cracked_betweenstone_brick_stairs_inner_0", "x": 180, "y": 180, "uvlock": true },
				{ "model": "thebetweenlands:cracked_betweenstone_brick_stairs_inner_1", "x": 180, "y": 180, "uvlock": true } ],
        "facing=north,half=top,shape=inner_right": [ { "model": "thebetweenlands:cracked_betweenstone_brick_stairs_inner", "x": 180, "uvlock": true },
				{ "model": "thebetweenlands:cracked_betweenstone_brick_stairs_inner_0", "x": 180, "uvlock": true },
				{ "model": "thebetweenlands:cracked_betweenstone_brick_stairs_inner_1", "x": 180, "uvlock": true } ],
        "facing=east,half=top,shape=inner_left":  [ { "model": "thebetweenlands:cracked_betweenstone_brick_stairs_inner", "x": 180, "uvlock": true },
				{ "model": "thebetweenlands:cracked_betweenstone_brick_stairs_inner_0", "x": 180, "uvlock": true },
				{ "model": "thebetweenlands:cracked_betweenstone_brick_stairs_inner_1", "x": 180, "uvlock": true } ],
        "facing=west,half=top,shape=inner_left":  [ { "model": "thebetweenlands:cracked_betweenstone_brick_stairs_inner", "x": 180, "y": 180, "uvlock": true },
				{ "model": "thebetweenlands:cracked_betweenstone_brick_stairs_inner_0", "x": 180, "y": 180, "uvlock": true },
				{ "model": "thebetweenlands:cracked_betweenstone_brick_stairs_inner_1", "x": 180, "y": 180, "uvlock": true } ],
        "facing=south,half=top,shape=inner_left": [ { "model": "thebetweenlands:cracked_betweenstone_brick_stairs_inner", "x": 180, "y": 90, "uvlock": true },
				{ "model": "thebetweenlands:cracked_betweenstone_brick_stairs_inner_0", "x": 180, "y": 90, "uvlock": true },
				{ "model": "thebetweenlands:cracked_betweenstone_brick_stairs_inner_1", "x": 180, "y": 90, "uvlock": true } ],
        "facing=north,half=top,shape=inner_left": [ { "model": "thebetweenlands:cracked_betweenstone_brick_stairs_inner", "x": 180, "y": 270, "uvlock": true },
				{ "model": "thebetweenlands:cracked_betweenstone_brick_stairs_inner_0", "x": 180, "y": 270, "uvlock": true },
				{ "model": "thebetweenlands:cracked_betweenstone_brick_stairs_inner_1", "x": 180, "y": 270, "uvlock": true } ]
    }
}

