{
    "multipart": [
        {   "when": { "up": "true" },
            "apply": [
			{ "model": "thebetweenlands:cracked_betweenstone_brick_wall_post" },
			{ "model": "thebetweenlands:cracked_betweenstone_brick_wall_post_0" },
			{ "model": "thebetweenlands:cracked_betweenstone_brick_wall_post_1" } ]
        },
        {   "when": { "north": "true" },
            "apply": [
			{ "model": "thebetweenlands:cracked_betweenstone_brick_wall_side", "uvlock": true },
			{ "model": "thebetweenlands:cracked_betweenstone_brick_wall_side_0", "uvlock": true },
			{ "model": "thebetweenlands:cracked_betweenstone_brick_wall_side_1", "uvlock": true } ]
        },
        {   "when": { "east": "true" },
            "apply": [
			{ "model": "thebetweenlands:cracked_betweenstone_brick_wall_side", "y": 90, "uvlock": true },
			{ "model": "thebetweenlands:cracked_betweenstone_brick_wall_side_0", "y": 90, "uvlock": true },
			{ "model": "thebetweenlands:cracked_betweenstone_brick_wall_side_1", "y": 90, "uvlock": true } ]
        },
        {   "when": { "south": "true" },
            "apply": [
			{ "model": "thebetweenlands:cracked_betweenstone_brick_wall_side", "y": 180, "uvlock": true },
			{ "model": "thebetweenlands:cracked_betweenstone_brick_wall_side_0", "y": 180, "uvlock": true },
			{ "model": "thebetweenlands:cracked_betweenstone_brick_wall_side_1", "y": 180, "uvlock": true } ]
        },
        {   "when": { "west": "true" },
            "apply": [
			{ "model": "thebetweenlands:cracked_betweenstone_brick_wall_side", "y": 270, "uvlock": true },
			{ "model": "thebetweenlands:cracked_betweenstone_brick_wall_side_0", "y": 270, "uvlock": true },
			{ "model": "thebetweenlands:cracked_betweenstone_brick_wall_side_1", "y": 270, "uvlock": true } ]
        }
    ]
}
