{
	"forge_marker": 1,
	"variants": {
		"normal": [
			{
				"model": "thebetweenlands:internal/winter_event",
				"custom": {
					"model_base": "thebetweenlands:block/crimson_middle_gem_ore",
					"model_active": "thebetweenlands:block/crimson_middle_gem_ore_frosty"
				}
			},
						{
				"model": "thebetweenlands:internal/winter_event",
				"custom": {
					"model_base": "thebetweenlands:block/crimson_middle_gem_ore_0",
					"model_active": "thebetweenlands:block/crimson_middle_gem_ore_frosty_0"
				}
			},
						{
				"model": "thebetweenlands:internal/winter_event",
				"custom": {
					"model_base": "thebetweenlands:block/crimson_middle_gem_ore_1",
					"model_active": "thebetweenlands:block/crimson_middle_gem_ore_frosty_1"
				}
			}
		]
	}
}