{
  "forge_marker": 1,
  "variants": {
    "facing": {
      "up": {
        "model": "thebetweenlands:lichen",
        "x": 90
      },
      "down": {
        "model": "thebetweenlands:lichen",
        "x": -90
      },
      "south": {
        "model": "thebetweenlands:lichen"
      },
      "west": {
        "model": "thebetweenlands:lichen",
        "y": 90
      },
      "north": {
        "model": "thebetweenlands:lichen",
        "y": 180
      },
      "east": {
        "model": "thebetweenlands:lichen",
        "y": 270
      }
    }
  }
}