{
	"forge_marker": 1,
	"variants": {
		"half": {
			"lower": {
				"model": "thebetweenlands:internal/winter_event",
				"custom": {
					"model_base": "thebetweenlands:block/internal/spook_event",
					"model_base_data": {
						"model_base": "thebetweenlands:block/phragmites_bottom",
						"model_active": "thebetweenlands:block/phragmites_bottom_spook"
					},
					"model_active": "thebetweenlands:block/phragmites_bottom_frosty"
				}
			},
			"upper": {
				"model": "thebetweenlands:internal/winter_event",
				"custom": {
					"model_base": "thebetweenlands:block/internal/spook_event",
					"model_base_data": {
						"model_base": "thebetweenlands:block/phragmites_top",
						"model_active": "thebetweenlands:block/phragmites_top_spook"
					},
					"model_active": "thebetweenlands:block/phragmites_top_frosty"
				}
			}
		}
	}
}