{
  "forge_marker": 1,
  "defaults": {
    "textures": {
      "texture": "thebetweenlands:blocks/weedwood_ladder",
      "particle": "thebetweenlands:blocks/weedwood_ladder"
    }
  },
  "variants": {
    "facing=north": { "model": "thebetweenlands:weedwood_ladder" },
    "facing=east":  { "model": "thebetweenlands:weedwood_ladder", "y": 90 },
    "facing=south": { "model": "thebetweenlands:weedwood_ladder", "y": 180 },
    "facing=west":  { "model": "thebetweenlands:weedwood_ladder", "y": 270 }
  }
}
