{
  "forge_marker": 1,
  "defaults": {
    "textures": {
      "base": "thebetweenlands:blocks/log_weedwood",
      "lever": "thebetweenlands:blocks/weedwood_lever",
      "particle": "thebetweenlands:blocks/log_weedwood"
    }
  },
  "variants": {
    "facing=down_z,powered=false": { "model": "lever_off", "x": 180, "y": 180 },
    "facing=down_x,powered=false": { "model": "lever_off", "x": 180, "y": 90 },
    "facing=up_z,powered=false": { "model": "lever_off" },
    "facing=up_x,powered=false": { "model": "lever_off", "y": 270 },
    "facing=east,powered=false": { "model": "lever_off", "x": 90, "y": 90 },
    "facing=west,powered=false": { "model": "lever_off", "x": 90, "y": 270 },
    "facing=south,powered=false" : { "model": "lever_off", "x": 90, "y": 180 },
    "facing=north,powered=false" : { "model": "lever_off", "x": 90 },
    "facing=down_z,powered=true" : { "model": "lever", "x": 180, "y": 180 },
    "facing=down_x,powered=true" : { "model": "lever", "x": 180, "y": 90 },
    "facing=up_z,powered=true": { "model": "lever" },
    "facing=up_x,powered=true": { "model": "lever", "y": 270 },
    "facing=east,powered=true": { "model": "lever", "x": 90, "y": 90 },
    "facing=west,powered=true": { "model": "lever", "x": 90, "y": 270 },
    "facing=south,powered=true": { "model": "lever", "x": 90, "y": 180 },
    "facing=north,powered=true": { "model": "lever", "x": 90 }
  }
}
